{"type": "block", "layer": 1, "block": 0, "features": [{"geom": {"lines": [[4740.823726916686, -6640.73423962947, 0.0, 4711.479581598192, -6516.460253828205, 0.0, 4643.908650686964, -6452.280778331682, 0.0, 2708.6972268894315, -4922.394957516342, 0.0, 2425.979116121307, -4661.333714850247, 0.0, 2070.06844015792, -4397.399045774713, 0.0, 1701.0220642816275, -4119.111972896382, 0.0, 1450.2192515209317, -3929.213510872796, 0.0, 1403.843551658094, -3901.3388547571376, 0.0, 1365.4160634372383, -3880.2499437099323, 0.0, 1305.7042885757983, -3865.9062001714483, 0.0, 1191.045213058591, -3848.0069582741708, 0.0, 1132.7583276797086, -3843.7607074361295, 0.0, 864.266847833991, -3824.2360499370843, 0.0, 386.4835933484137, -3831.04225775972, 0.0, -196.94185789860785, -3418.9611355541274, 0.0, -257.6332442779094, -3348.5584993073717, 0.0, -306.17967421375215, -3249.038743174635, 0.0, -360.44792597554624, -3144.5192503742874, 0.0, -371.7245903927833, -3122.798359467648, 0.0, -619.3325337655842, -2598.4506859136745, 0.0, -670.3057285975665, -2423.6736610410735, 0.0, -667.8789636995643, -2270.737937257625, 0.0, -624.1860635615885, -2093.535122141242, 0.0, -551.3608526848257, -1981.8667830256745, 0.0, -237.33970110677183, -1770.800009750761, 0.0, -137.00744405575097, -1705.422181846574, 0.0]]}, "mtl": 0}, {"geom": {"lines": [[-137.00744405575097, -1705.422181846574, 0.0, -47.161483036354184, -1645.8154858238995, 0.0]]}, "mtl": 0}, {"geom": {"lines": [[-47.161483036354184, -1645.8154858238995, 0.0, 138.05188574641943, -1523.0644629905, 0.0, 288.5558372978121, -1428.3984997868538, 208.0594482421875, 346.8204587791115, -1365.2939791027457, 201.73651123046875, 434.20625905133784, -1243.9001423409209, 204.5800323486328, 470.6188644897193, -1120.1061107804999, 210.96780395507812, 480.33705603703856, -962.3272870890796, 204.7295684814453, 460.9118048939854, -845.8050314979628, 203.60498046875, 432.157980421558, -788.3054285654798, 203.43557739257812, 395.3668887130916, -634.6051738252863, 204.29263305664062, 303.12755864299834, -333.59817063994706, 210.65890502929688, 254.56999675929546, -217.0663041593507, 212.88999938964844, 276.48880449682474, -141.24747527670115, 217.52517700195312]]}, "mtl": 0}, {"geom": {"lines": [[254.53759839572012, -6640.73423962947, 0.0, 233.12986283190548, -6543.472339912318, 0.0, 169.76680867373943, -6246.841895030811, 0.0, 105.55772638320923, -5951.682641680352, 0.0, -24.407779118046165, -5366.63153656479, 0.0, -91.07702215202153, -5056.223214600235, 0.0, -152.94839513674378, -4785.700009595603, 0.0, -218.89406148158014, -4483.556679774076, 0.0, -270.37932597473264, -4250.516420621425, 0.0, -354.40327762439847, -3860.197138930671, 0.0, -425.7368073258549, -3528.8204585332423, 0.0, -477.97904435545206, -3289.818024511449, 0.0, -456.2383478023112, -3104.938010856509, 0.0, -448.89126140996814, -3013.6037196964025, 0.0, -433.48464388400316, -2880.044398191385, 0.0, -400.4116231687367, -2635.7586913052946, 0.0, -114.5543027613312, -2320.8701422009617, 0.0, -13.387149529531598, -2224.0193838588893, 0.0, 156.79808799549937, -2068.356543914415, 0.0, 285.40549571067095, -1938.946687781252, 0.0, 410.1055892948061, -1816.6068327296525, 0.0, 566.1755153890699, -1661.911168731749, 0.0, 679.8883752319962, -1557.0244222059846, 0.0, 796.1504514161497, -1440.3689924338832, 198.55511474609375, 962.0164927002043, -1270.178931917064, 215.99932861328125, 1168.4696203246713, -1066.0840497938916, 206.1223602294922, 1372.7742817774415, -863.7519732257351, 218.83001708984375, 1335.5156482085586, -586.5147723592818, 211.98626708984375, 1301.407356230542, -326.5449232487008, 220.1171417236328, 1266.1079456992447, -74.00590974092484, 225.9985809326172, 1223.7620114013553, 227.14519825018942, 222.7670440673828, 1199.0602163951844, 421.23795469570905, 227.0284881591797, 1021.4277049358934, 513.000745925121, 233.95208740234375, 814.3845840096474, 621.2310315882787, 239.27023315429688, 644.1993464846164, 715.3340822318569, 231.59274291992188]]}, "mtl": 0}, {"geom": {"lines": [[575.4372970219702, 725.2750426577404, 239.19435119628906, 623.9280672110617, 703.0756151378155, 233.3891143798828, 640.5146713387221, 739.3225160008296, 229.50119018554688, 592.0350330993533, 761.5220490861684, 234.75328063964844, 575.4372970219702, 725.2750426577404, 239.19435119628906]]}, "mtl": 0}, {"geom": {"lines": [[-330.5809065941721, 657.0506343794987, 230.52896118164062, -290.272118980065, 614.4005248500034, 232.69247436523438, -34.393137441948056, 280.83123185671866, 233.15261840820312, 262.69631958566606, -108.17559440433979, 217.99766540527344, 276.48880449682474, -141.24747527670115, 217.52517700195312]]}, "mtl": 0}, {"geom": {"lines": [[-874.0092648025602, 305.91601329203695, 230.33511352539062, -853.7045896816999, 284.408959007822, 229.78359985351562, -803.5440271291882, 235.43896443396807, 227.67886352539062, -728.2920513525605, 143.47623820789158, 224.4290313720703, -286.3982006981969, -442.9328337367624, 223.04092407226562, -233.84426909685135, -499.07320590224117, 213.9462127685547, -205.17950021661818, -521.7568885292858, 209.37046813964844, -177.70584988966584, -526.5334618389606, 209.22900390625, -152.62556861341, -526.5334618389606, 211.67037963867188, -134.7142625451088, -519.378763676621, 213.76072692871094, -21.257437527179718, -436.9569696271792, 221.3882293701172, 51.60116919502616, -382.0153872426599, 214.47183227539062, 167.15080063976347, -300.44581850711256, 210.46807861328125, 211.64520111121237, -251.84514468349516, 212.8591766357422, 254.56999675929546, -217.0663041593507, 212.88999938964844]]}, "mtl": 0}, {"geom": {"lines": [[970.0426279865205, -399.94309472013265, 219.82666015625, 927.0399086922407, -380.83646622579545, 220.6123046875, 411.096332764253, -145.55676940921694, 224.73489379882812, 389.24431672133505, -137.87321496475488, 221.63876342773438, 366.902494918555, -130.02703761588782, 220.50965881347656, 337.8258439246565, -122.85164037905633, 220.77874755859375]]}, "mtl": 0}, {"geom": {"lines": [[276.48880449682474, -141.24747527670115, 217.52517700195312, 337.8258439246565, -122.85164037905633, 220.77874755859375, 386.0717112328857, -86.64932072907686, 223.5027313232422, 428.9408471379429, 19.21448480989784, 233.18661499023438, 474.14769234880805, 91.86457530036569, 229.87757873535156, 531.4994940049946, 184.0299561927095, 222.5755615234375, 611.4157564453781, 358.24061236996204, 230.09202575683594, 630.8410075902939, 511.1711712842807, 232.9226531982422, 684.0962519850582, 680.3070386871696, 230.96728515625, 749.7858835030347, 851.0323608182371, 233.95736694335938, 854.1701700184494, 928.7118184724823, 240.11093139648438, 1038.6599621102214, 1013.6701845405623, 233.45936584472656, 1128.4725272841752, 1050.0812027361244, 235.56382751464844, 1215.8694595061243, 1093.7909182859585, 225.29737854003906, 1325.107275819406, 1159.3153009181842, 228.4942626953125, 1490.1718167681247, 1317.120981621556, 234.63656616210938, 1698.9403898026794, 1477.3290085308254, 243.88861083984375, 1939.268038475886, 1649.678383040242, 247.81881713867188, 2143.171949762851, 1780.757601431571, 242.98068237304688, 2342.2334631979465, 1873.0044024754316, 240.10382080078125, 2500.0177094489336, 1902.1405537808314, 242.003662109375, 2842.3028797395527, 1989.5293434206396, 0.0, 3213.7092288229614, 2069.640002910979, 0.0, 3395.7722560148686, 2106.0560658350587, 0.0, 3619.101418444887, 2123.0543546564877, 0.0, 3793.8841509390622, 2159.4503397848457, 0.0, 4262.394491840154, 2271.1200000457466, 0.0, 4723.613406095654, 2348.7935981508344, 0.0, 5022.20567625016, 2397.3501657545567, 0.0, 5376.61353909038, 2263.840682465583, 0.0, 5451.865514865145, 2176.4487476861104, 0.0, 5524.690725743771, 2125.4739706218243, 0.0, 5629.075012259185, 2113.3352327235043, 0.0, 5757.738079717383, 2074.4995344709605, 0.0, 6073.306572217494, 2011.3868636898696, 0.0, 6454.43111284636, 1979.8307242747396, 0.0, 6640.734239630401, 1978.5823614830151, 0.0]]},